fatura_no,musteri,fatura_tarihi,vade_tarihi,tutar
0001,Hayalî Mavi Kırtasiye,2026-06-01,2026-06-10,5000.00
0002,Hayalî Çınar Atölye,2026-06-05,2026-06-20,1250.50
0003,Hayalî Lale Tasarım,2026-03-01,2026-03-15,4200.00
0004,Hayalî Ada Kitap,2026-06-02,2026-06-15,1000.00
0005,Hayalî Çınar Atölye,2026-05-01,2026-05-30,2500.00
0006,Hayalî Mavi Kırtasiye,2026-06-20,2026-06-30,800.00
0007,Hayalî Ada Kitap,2026-06-25,2026-07-15,600.25
0008,Hayalî Lale Tasarım,2026-07-01,2026-07-31,2000.00
0009,Hayalî Ufuk Seramik,2026-04-01,2026-05-15,1500.00
0010,Hayalî Ufuk Seramik,2026-03-10,2026-04-15,2200.00
